employeeID,name,reportsTo
1,Wilber Woodson,1
2,Rosaria Rock,2
3,Inger Ikner,3
4,Greta Workman,4
5,Kevin Van Gundy,4
6,Michael Hunger,1
7,Bryce Merkl Sasaki,2
8,Nicole White,3
9,Elsy Eckhardt ,4
10,Loreta Larrimore ,4
11,Aliza Albrecht ,4
12,Sharyn Santini ,4
13,Eugenie Elling ,1
14,Kristofer Kirshner ,2
15,Irving Izzard ,3
16,Elina Enfinger ,2
17,Max Moschella ,1
18,Elena Elwood ,4
19,Jeanmarie Jaffe ,1
20,Brianne Buelow ,8
21,Wanda Wrinkle ,11
22,Jeffery Jackman ,14
23,Alonzo Alaniz ,11
24,Willy Wickert ,8
25,Maud Maclachlan ,6
26,Tarsha Teeter ,5
27,Maureen Morrissey ,11
28,Albert Adamczyk ,9
29,Niki Neidig ,9
30,Deedra Disandro ,16
31,Melynda Mehl ,14
32,Hans Hornberger ,17
33,Corrie Calabrese ,9
34,Max Demarzi,19
35,Arletha Azevedo ,10
36,Berta Burchill ,9
37,Alfred Arcuri ,5
38,Claretta Corrales ,19
39,Tia Twersky ,10
40,Sharell Sollers ,6
41,Catrice Crays ,17
42,Dina Dreher ,18
43,Branda Beauchamp ,11
44,Pennie Profit ,19
45,Hank Taylor,17
46,Bethanie Bober ,13
47,Barney Brode ,14
48,Pat Pless ,18
49,Anastasia Asberry ,10
50,Emmett Eugene ,13
51,Vicky Vivian ,40
52,Zoe Zenz ,48
53,Sunshine Stobaugh ,35
54,Kemberly Knisley ,32
55,Jackeline Jong ,30
56,Katia Kohout ,29
57,Lupe Levar ,29
58,Marcel Martir ,41
59,Trisha Tabron ,30
60,Sabina Shriner ,33
61,Raphael Roots ,29
62,May Michels ,32
63,Adina Ausmus ,38
64,Darci Diggins ,41
65,Carri Colas ,40
66,Claudine Carrow ,28
67,Casimira Clyburn ,48
68,Quyen Quinones ,28
69,Basilia Bobadilla ,47
70,Jamika Jorden ,36
71,Ilene Isenberg ,39
72,Ernestina Enoch ,28
73,Alexa Abila ,46
74,Veronique Vanasse ,30
75,Lorrine Lowell ,42
76,Loretta Linehan ,40
77,Len Loar ,37
78,Fumiko Fairfield ,44
79,Alonzo Astin ,30
80,Janyce Jarrells ,32
81,Janay Jonason ,40
82,Geri Garret ,38
83,Dario Derrico ,32
84,Tami Toppin ,40
85,Rickey Ryles ,41
86,Lenny Lago ,30
87,Darnell Doering ,28
88,Cathryn Cascio ,26
89,Isidra Islas ,45
90,Ray Ravenell ,47
91,Lashanda Loeb ,38
92,Margareta Meli ,35
93,Valene Vannest ,35
94,Mandi Marton ,30
95,Breana Beaudoin ,41
96,Rudolf Robuck ,26
97,Tarsha Thibeau ,46
98,Tobi Trieu ,44
99,Norbert Nolte ,32
100,Jessika Judah ,46
101,Jonathon Jacobo ,30
102,Trula Tobler ,33
103,Clarence Chalker ,47
104,Palma Porterfield ,29
105,Felisa Foland ,42
106,Autumn Amore ,47
107,Aurore Atnip ,29
108,Willis Wakeman ,36
109,Marvella Mcfarlin ,29
110,Shawanna Starks ,38
111,Christia Colligan ,36
112,Mirian Mccaskill ,35
113,Dustin Darrigo ,46
114,Bettie Bradburn ,43
115,Voncile Vanetten ,37
116,Alonso Ahart ,41
117,Harold Hogsett ,47
118,Fernando Fremont ,43
119,Sharee Spina ,28
120,Mitsuko Mcghie ,35
121,Mildred Mertes ,38
122,Andre Arnett ,43
123,Veola Vazquez ,40
124,Raisa Rogue ,28
125,Toni Tope ,39
126,Della Damiano ,36
127,Bethel Balsley ,39
128,Angelia Ahumada ,37
129,Jerrie Jimenes ,44
130,Deedee Dave ,35
131,Stasia Stamant ,46
132,Rey Roloff ,28
133,Lyman Lade ,38
134,Annelle Athey ,38
135,Darcel Dawe ,34
136,Kristi Kyllonen ,27
137,Ivey Inskeep ,46
138,Wilhelmina Wolken ,32
139,Shavon Strouse ,39
140,Barney Brim ,39
141,Fallon Fagundes ,28
142,Tonisha Trumbull ,43
143,Aleshia Amsler ,28
144,Marianne Macaulay ,44
145,Kimbra Kral ,42
146,Alfonzo Alleman ,43
147,Fletcher Fiorillo ,43
148,Josue Judd ,47
149,Clair Carreira ,38
150,Kyoko Kimbrell ,46
